term,code,description,in_gold,gold_notes,class,kind,reason,code_check,coder_decision,coder_note
bacillary dysentery,A03.9,"Shigellosis, unspecified",no,,synonym,synonym,clinical synonym of shigellosis,,,
pseudomembranous colitis,A04.7,Enterocolitis due to Clostridium difficile,no,,synonym,synonym,the C. difficile colitis this code describes,,,
norovirus,A08.1,Acute gastroenteropathy due to Norwalk agent,no,,finding_or_risk_factor,organism_or_exposure,"names the organism; a note can mention it as a test, an exposure or an outbreak without the patient having the illness",,,
winter vomiting,A08.1,Acute gastroenteropathy due to Norwalk agent,no,,synonym,synonym,lay name for the condition (norovirus gastroenteritis),,,
food poisoning,A09.9,Gastroenteritis and colitis of unspecified origin,no,,synonym,synonym,lay name for the condition,A05.9 bacterial foodborne intoxication when a toxin or organism is stated,,
gi infection,A09.9,Gastroenteritis and colitis of unspecified origin,no,,synonym,synonym,lay name for the condition,,,
infectious diarrhea,A09.9,Gastroenteritis and colitis of unspecified origin,no,,synonym,synonym,clinical synonym (spelling variant of diarrhoea),,,
infective diarrhoea,A09.9,Gastroenteritis and colitis of unspecified origin,no,,synonym,synonym,clinical synonym,,,
stomach bug,A09.9,Gastroenteritis and colitis of unspecified origin,no,,synonym,synonym,lay name for the condition,,,
stomach flu,A09.9,Gastroenteritis and colitis of unspecified origin,no,,synonym,synonym,lay name for the condition,,,
tummy bug,A09.9,Gastroenteritis and colitis of unspecified origin,no,,synonym,synonym,lay name for the condition,,,
pulmonary tb,A15.0,"Tuberculosis of lung, confirmed by sputum microscopy with or without culture",no,,synonym,synonym,abbreviation of pulmonary tuberculosis,A15.0 asserts confirmation by sputum microscopy; A16.2 when confirmation is not stated,,
tb chest,A15.0,"Tuberculosis of lung, confirmed by sputum microscopy with or without culture",no,,synonym,synonym,abbreviation of pulmonary tuberculosis,A15.0 asserts confirmation by sputum microscopy; A16.2 when confirmation is not stated,,
pertussis,A37.9,"Whooping cough, unspecified",no,,synonym,synonym,the medical name of whooping cough,,,
bacteraemia,A41.9,"Sepsis, unspecified",no,,finding_or_risk_factor,result,a positive blood culture is not sepsis,R78.81 bacteraemia,,
blood infection,A41.9,"Sepsis, unspecified",no,,synonym,synonym,lay name for the condition (septicaemia),,,
septic,A41.9,"Sepsis, unspecified",no,,finding_or_risk_factor,ambiguous_word,"an adjective: ""septic screen"", ""looks septic"", ""septic arthritis"" do not establish sepsis",,,
septic shock,A41.9,"Sepsis, unspecified",no,,synonym,synonym,septic shock is sepsis with shock,code R57.2 as well,,
septicaemia,A41.9,"Sepsis, unspecified",no,,synonym,synonym,older term for sepsis,,,
septicemia,A41.9,"Sepsis, unspecified",no,,synonym,synonym,spelling variant of septicaemia,,,
urosepsis,A41.9,"Sepsis, unspecified",yes,N28,synonym,synonym,used for sepsis from a urinary source,ambiguous term: coding practice is to query whether sepsis or a urinary tract infection alone is meant,,
gonorrhoea,A54.9,"Gonococcal infection, unspecified",no,,synonym,synonym,the disease the code describes,,,
condyloma acuminata,A63.00,"Anogenital (venereal) warts, unspecified site",no,,synonym,synonym,clinical synonym of anogenital warts,,,
cold sore,B00.1,Herpesviral vesicular dermatitis,no,,synonym,synonym,lay name for the condition,,,
chickenpox,B01.9,Varicella without complication,no,,synonym,synonym,lay name for the condition (varicella),,,
shingles,B02.9,Zoster without complication,no,,synonym,synonym,lay name for the condition (zoster),,,
verruca,B07,Viral warts,no,,synonym,synonym,a viral wart,,,
glandular fever,B27.9,"Infectious mononucleosis, unspecified",no,,synonym,synonym,lay name for the condition (infectious mononucleosis),,,
viraemia,B34.9,"Viral infection, unspecified",no,,finding_or_risk_factor,result,"virus detected in blood; a result, not the diagnosis of a viral infection",,,
virus,B34.9,"Viral infection, unspecified",no,,finding_or_risk_factor,ambiguous_word,"a bare word (""virus panel negative"", ""HIV virus"", ""viral swab"") that does not establish an infection",,,
scalp ringworm,B35.0,Tinea barbae and tinea capitis,no,,synonym,synonym,lay name for the condition (tinea capitis),,,
fungal nail infection,B35.1,Tinea unguium,no,,synonym,synonym,lay name for the condition (onychomycosis),,,
onychomycosis,B35.1,Tinea unguium,no,,synonym,synonym,clinical synonym of tinea unguium,,,
athlete's foot,B35.3,Tinea pedis,no,,synonym,synonym,lay name for the condition (tinea pedis),,,
foot fungus,B35.3,Tinea pedis,no,,synonym,synonym,lay name for the condition (tinea pedis),,,
fungal skin infection,B35.4,Tinea corporis,no,,synonym,synonym,lay name for the condition,tinea corporis is one fungal skin infection; B36.9 superficial mycosis unspecified when the type is not stated,,
ringworm,B35.4,Tinea corporis,no,,synonym,synonym,lay name for the condition (tinea corporis),,,
oral thrush,B37.0,Candidal stomatitis,no,,synonym,synonym,lay name for the condition (oral candidiasis),,,
fungal infection,B49,Unspecified mycosis,no,,synonym,synonym,names an unspecified mycosis,,,
gbs carrier,B95.1,"Streptococcus, group B, as the cause of diseases classified to other chapters",no,,finding_or_risk_factor,organism_or_exposure,"carriage (colonisation), not a disease; B95.1 is only for an organism causing a disease coded elsewhere",Z22.3 carrier of other specified bacterial diseases,,
gastric cancer,C16.9,"Malignant neoplasm of stomach, unspecified",no,,synonym,synonym,lay name for the condition (stomach malignancy),,,
bowel cancer,C18.9,"Malignant neoplasm of colon, unspecified part",no,,synonym,synonym,lay name for the condition,bowel cancer can be rectal (C20) or small bowel (C17); C18.9 when colon is meant,,
colonic carcinoma,C18.9,"Malignant neoplasm of colon, unspecified part",no,,synonym,synonym,clinical synonym,,,
rectal cancer,C20,Malignant neoplasm of rectum,no,,synonym,synonym,lay name for the condition,,,
basal cell carcinoma,C44.9,"Malignant neoplasm of skin, unspecified",no,,synonym,synonym,a skin malignancy (histology gives the morphology code),,,
cervical cancer,C53.9,"Malignant neoplasm of cervix uteri, unspecified",no,,synonym,synonym,lay name for the condition,,,
ovarian cancer,C56,Malignant neoplasm of ovary,no,,synonym,synonym,lay name for the condition,,,
fibroid,D25.9,"Leiomyoma of uterus, unspecified",no,,synonym,synonym,lay name for the condition (uterine leiomyoma),,,
uterine fibroid,D25.9,"Leiomyoma of uterus, unspecified",no,,synonym,synonym,lay name for the condition (uterine leiomyoma),,,
anemia,D64.9,"Anaemia, unspecified",no,,synonym,synonym,spelling variant,,,
low haemoglobin,D64.9,"Anaemia, unspecified",no,,finding_or_risk_factor,result,wording of a laboratory result; ACS: an abnormal result is coded only when the physician documents it as a condition,,,
low hb,D64.9,"Anaemia, unspecified",no,,finding_or_risk_factor,result,wording of a laboratory result; ACS: an abnormal result is coded only when the physician documents it as a condition,,,
low hemoglobin,D64.9,"Anaemia, unspecified",no,,finding_or_risk_factor,result,wording of a laboratory result; ACS: an abnormal result is coded only when the physician documents it as a condition,,,
haemophilia a,D66,Hereditary factor VIII deficiency,no,,synonym,synonym,the disease the code describes,,,
clotting disorder,D68.9,"Coagulation defect, unspecified",no,,synonym,synonym,lay name for the condition,,,
low platelets,D69.6,"Thrombocytopenia, unspecified",no,,finding_or_risk_factor,result,wording of a laboratory result; ACS: an abnormal result is coded only when the physician documents it as a condition,,,
neutropenia,D70,Agranulocytosis,no,,synonym,synonym,the condition D70 codes (ICD-10-AM indexes neutropenia to D70),,,
leucocytosis,D72.9,"Disorder of white blood cells, unspecified",no,,finding_or_risk_factor,result,a raised white cell count; wording of a laboratory result; ACS: an abnormal result is coded only when the physician documents it as a condition,D72.8 when documented as a condition,,
cold intolerance,E03.9,"Hypothyroidism, unspecified",yes,N35,finding_or_risk_factor,symptom,a symptom of hypothyroidism among other causes; does not establish it,,,
low thyroid,E03.9,"Hypothyroidism, unspecified",no,,synonym,synonym,lay name for the condition,"also used of a result (""low thyroid levels""); check the context",,
myxedema,E03.9,"Hypothyroidism, unspecified",no,,synonym,synonym,severe hypothyroidism (spelling variant of myxoedema),,,
thyroid deficiency,E03.9,"Hypothyroidism, unspecified",no,,synonym,synonym,lay name for the condition,,,
underactive thyroid,E03.9,"Hypothyroidism, unspecified",no,,synonym,synonym,lay name for the condition,,,
underactive thyroid with fatigue,E03.9,"Hypothyroidism, unspecified",no,,synonym,synonym,lay name for the condition,,,
enlarged thyroid gland,E04.0,Nontoxic diffuse goitre,no,,finding_or_risk_factor,sign,"an examination finding; the code asserts a nontoxic, diffuse goitre, which the phrase does not",E04.9 when goitre is documented without type,,
goiter,E04.0,Nontoxic diffuse goitre,no,,synonym,synonym,spelling variant of goitre,E04.0 asserts diffuse; E04.9 when the type is not stated,,
thyroid nodule,E04.9,"Nontoxic goitre, unspecified",no,,synonym,synonym,a nodular goitre,E04.1 nontoxic single thyroid nodule,,
graves disease,E05.0,Thyrotoxicosis with diffuse goitre,no,,synonym,synonym,eponym of thyrotoxicosis with diffuse goitre,,,
hyperthyroidism with goiter,E05.0,Thyrotoxicosis with diffuse goitre,no,,synonym,synonym,clinical synonym,E05.0 asserts a diffuse goitre,,
hyperthyroidism,E05.9,"Thyrotoxicosis, unspecified",no,,synonym,synonym,clinical synonym of thyrotoxicosis,,,
overactive thyroid,E05.9,"Thyrotoxicosis, unspecified",no,,synonym,synonym,lay name for the condition,,,
borderline diabetes,E09.9,Intermediate hyperglycaemia without complication,no,,synonym,synonym,lay name for the condition (intermediate hyperglycaemia),,,
impaired glucose tolerance,E09.9,Intermediate hyperglycaemia without complication,no,,synonym,synonym,a form of intermediate hyperglycaemia,,,
pre-diabetes,E09.9,Intermediate hyperglycaemia without complication,no,,synonym,synonym,clinical synonym,,,
prediabetes,E09.9,Intermediate hyperglycaemia without complication,no,,synonym,synonym,clinical synonym,,,
dka type 1,E10.11,"Type 1 diabetes mellitus with ketoacidosis, without coma",no,,synonym,synonym,abbreviation with the type stated,,,
uncontrolled t2dm,E11.65,Type 2 diabetes mellitus with poor control,no,,synonym,synonym,abbreviation with control status stated,,,
hypo,E16.2,"Hypoglycaemia, unspecified",no,,synonym,synonym,clinical shorthand for hypoglycaemia,also slang for hypotension or hypothyroidism; check the context,,
low blood sugar,E16.2,"Hypoglycaemia, unspecified",no,,synonym,synonym,lay name for the condition (hypoglycaemia),,,
elevated prolactin,E22.1,Hyperprolactinaemia,no,,finding_or_risk_factor,result,wording of a laboratory result; ACS: an abnormal result is coded only when the physician documents it as a condition,,,
high prolactin,E22.1,Hyperprolactinaemia,no,,finding_or_risk_factor,result,wording of a laboratory result; ACS: an abnormal result is coded only when the physician documents it as a condition,,,
addison disease,E27.1,Primary adrenocortical insufficiency,no,,synonym,synonym,eponym of primary adrenocortical insufficiency,,,
hypogonadism,E29.1,Testicular hypofunction,no,,synonym,synonym,clinical synonym in a male,sex-specific: E28.3 primary ovarian failure in a female,,
hypogonadism male,E29.1,Testicular hypofunction,no,,synonym,synonym,clinical synonym,,,
low testosterone,E29.1,Testicular hypofunction,no,,finding_or_risk_factor,result,wording of a laboratory result; ACS: an abnormal result is coded only when the physician documents it as a condition,,,
male hypogonadism,E29.1,Testicular hypofunction,no,,synonym,synonym,clinical synonym,,,
undernutrition,E46,Unspecified protein-energy malnutrition,no,,synonym,synonym,clinical synonym of malnutrition,,,
hypovitaminosis d,E55.9,"Vitamin D deficiency, unspecified",no,,synonym,synonym,clinical synonym,,,
low vit d,E55.9,"Vitamin D deficiency, unspecified",no,,finding_or_risk_factor,result,wording of a laboratory result; ACS: an abnormal result is coded only when the physician documents it as a condition,,,
vit d def,E55.9,"Vitamin D deficiency, unspecified",no,,synonym,synonym,abbreviation of vitamin D deficiency,,,
hypertriglyceridaemia,E78.1,Pure hyperglyceridaemia,no,,synonym,synonym,clinical synonym of pure hyperglyceridaemia,,,
high cholesterol and triglycerides,E78.2,Mixed hyperlipidaemia,no,,finding_or_risk_factor,result,wording of a measurement; can be a single reading rather than a diagnosed condition; also the lay name for mixed hyperlipidaemia,,,
dyslipidaemia,E78.5,"Hyperlipidaemia, unspecified",yes,N02,synonym,synonym,clinical synonym of hyperlipidaemia,,,
dyslipidemia,E78.5,"Hyperlipidaemia, unspecified",no,,synonym,synonym,spelling variant of dyslipidaemia,,,
high cholesterol,E78.5,"Hyperlipidaemia, unspecified",no,,finding_or_risk_factor,result,wording of a measurement; can be a single reading rather than a diagnosed condition; also the lay name for hyperlipidaemia — code when documented as a condition,,,
high lipids,E78.5,"Hyperlipidaemia, unspecified",no,,finding_or_risk_factor,result,wording of a measurement; can be a single reading rather than a diagnosed condition,,,
lipid disorder,E78.5,"Hyperlipidaemia, unspecified",no,,synonym,synonym,lay name for the condition,,,
lipid panel abnormal,E78.5,"Hyperlipidaemia, unspecified",no,,finding_or_risk_factor,result,wording of a laboratory result; ACS: an abnormal result is coded only when the physician documents it as a condition,,,
elevated uric acid,E79.0,Hyperuricaemia without signs of inflammatory arthritis and tophaceous disease,no,,finding_or_risk_factor,result,wording of a laboratory result; ACS: an abnormal result is coded only when the physician documents it as a condition,,,
high uric acid,E79.0,Hyperuricaemia without signs of inflammatory arthritis and tophaceous disease,no,,finding_or_risk_factor,result,wording of a laboratory result; ACS: an abnormal result is coded only when the physician documents it as a condition,,,
raised uric acid,E79.0,Hyperuricaemia without signs of inflammatory arthritis and tophaceous disease,no,,finding_or_risk_factor,result,wording of a laboratory result; ACS: an abnormal result is coded only when the physician documents it as a condition,,,
haemochromatosis,E83.1,Disorders of iron metabolism,no,,synonym,synonym,a disorder of iron metabolism,E83.1 covers it; hereditary haemochromatosis has its own subcode in some editions,,
dehydration,E86,Volume depletion,yes,N42,synonym,synonym,ICD-10-AM indexes dehydration to volume depletion,,,
fluid loss,E86,Volume depletion,no,,finding_or_risk_factor,sign,"describes a mechanism (""fluid loss from vomiting""), not a diagnosed volume depletion",,,
hypovolemia,E86,Volume depletion,no,,synonym,synonym,clinical synonym of volume depletion,,,
low sodium,E87.1,Hypo-osmolality and hyponatraemia,no,,finding_or_risk_factor,result,wording of a laboratory result; ACS: an abnormal result is coded only when the physician documents it as a condition,,,
high potassium,E87.5,Hyperkalaemia,no,,finding_or_risk_factor,result,wording of a laboratory result; ACS: an abnormal result is coded only when the physician documents it as a condition,,,
low potassium,E87.6,Hypokalaemia,no,,finding_or_risk_factor,result,wording of a laboratory result; ACS: an abnormal result is coded only when the physician documents it as a condition,,,
acute confusion,F05.9,"Delirium, unspecified",no,,synonym,synonym,ICD-10-AM indexes an acute confusional state to delirium,"R41.0 when only ""confusion"" is documented",,
confusional state,F05.9,"Delirium, unspecified",no,,synonym,synonym,clinical synonym of delirium (acute or subacute),,,
current smoker,F17.2,"Mental and behavioural disorders due to use of tobacco, dependence syndrome",no,,finding_or_risk_factor,risk_factor,smoking status; F17.2 asserts a dependence syndrome the phrase does not document,"Z72.0 tobacco use, current",,
ex-smoker,F17.2,"Mental and behavioural disorders due to use of tobacco, dependence syndrome",yes,N05 N40,finding_or_risk_factor,risk_factor,past smoking; F17.2 asserts a current dependence syndrome,a personal history of tobacco use code from chapter XXI; gold labels N05 and N40 use F17.2 and would need review,,
pack-years,F17.2,"Mental and behavioural disorders due to use of tobacco, dependence syndrome",yes,N02,finding_or_risk_factor,risk_factor,"a measure of exposure, not a diagnosis",gold label N02 uses F17.2 from this term,,
smoker,F17.2,"Mental and behavioural disorders due to use of tobacco, dependence syndrome",yes,N02 N05 N37 N38 N40,finding_or_risk_factor,risk_factor,smoking status; F17.2 asserts a dependence syndrome,"Z72.0 tobacco use, current; gold labels N02, N37 and N38 use F17.2",,
smoking,F17.2,"Mental and behavioural disorders due to use of tobacco, dependence syndrome",no,,finding_or_risk_factor,risk_factor,smoking status; F17.2 asserts a dependence syndrome,Z72.0 (the same term already maps there too),,
manic depression,F31.9,"Bipolar affective disorder, unspecified",no,,synonym,synonym,older name of bipolar affective disorder,,,
low mood disorder,F32.90,"Depressive episode, unspecified, not specified as arising in the postnatal period",no,,synonym,synonym,lay name for the condition (a depressive disorder),low mood alone is a symptom; this phrase names a disorder,,
persistent depressive disorder,F34.1,Dysthymia,no,,synonym,synonym,DSM-5 name of dysthymia,,,
social phobia,F40.9,"Phobic anxiety disorder, unspecified",no,,synonym,synonym,a phobic anxiety disorder,F40.1 social phobias,,
anxious,F41.9,"Anxiety disorder, unspecified",no,,finding_or_risk_factor,symptom,"an adjective describing the patient, not an anxiety disorder",,,
nervousness,F41.9,"Anxiety disorder, unspecified",no,,finding_or_risk_factor,symptom,a symptom,R45.0 nervousness,,
medically unexplained symptoms,F45.9,"Somatoform disorder, unspecified",no,,finding_or_risk_factor,symptom,a description of symptoms without a diagnosis; somatoform disorder is a psychiatric diagnosis,,,
difficulty sleeping,F51.0,Nonorganic insomnia,no,,finding_or_risk_factor,symptom,a complaint; the same phrase also maps to G47.0,,,
autistic spectrum disorder,F84.0,Childhood autism,no,,synonym,synonym,the current name of the autism spectrum,F84.0 is childhood autism; F84.9 when the form is not stated,,
adhd unspecified,F90.9,"Hyperkinetic disorder, unspecified",no,,synonym,synonym,abbreviation,,,
hyperactivity disorder,F90.9,"Hyperkinetic disorder, unspecified",yes,N29,synonym,synonym,clinical synonym of hyperkinetic disorder,,,
bed wetting,F98.0,Nonorganic enuresis,no,,synonym,synonym,lay name for the condition (enuresis),,,
demyelinating disease,G35,Multiple sclerosis,no,,finding_or_risk_factor,broader_term,multiple sclerosis is one demyelinating disease; the phrase does not establish it,"G37.9 demyelinating disease of central nervous system, unspecified",,
seizure disorder,G40.90,"Epilepsy, unspecified, without mention of intractable epilepsy",no,,synonym,synonym,clinical synonym of epilepsy,,,
mini stroke,G45.9,"Transient cerebral ischaemic attack, unspecified",no,,synonym,synonym,lay name for the condition (TIA),,,
difficulty sleeping,G47.0,Disorders of initiating and maintaining sleep [insomnias],no,,finding_or_risk_factor,symptom,a complaint; insomnia is coded when the physician documents it,,,
sleeplessness,G47.0,Disorders of initiating and maintaining sleep [insomnias],no,,finding_or_risk_factor,symptom,a complaint; insomnia is coded when the physician documents it,,,
trouble sleeping,G47.0,Disorders of initiating and maintaining sleep [insomnias],no,,finding_or_risk_factor,symptom,a complaint; insomnia is coded when the physician documents it,,,
sleeping problem unspecified,G47.9,"Sleep disorder, unspecified",no,,synonym,synonym,lay name for the condition (a sleep disorder),,,
median nerve compression,G56.0,Carpal tunnel syndrome,no,,synonym,synonym,carpal tunnel syndrome is median nerve compression at the wrist,G56.1 when compression elsewhere is documented,,
cubital tunnel,G56.2,Lesion of ulnar nerve,no,,synonym,synonym,cubital tunnel syndrome is an ulnar nerve lesion,,,
tarsal tunnel syndrome,G57.6,Lesion of plantar nerve,no,,synonym,synonym,a nerve entrapment in the foot,check the table: tarsal tunnel syndrome is G57.5 in ICD-10,,
acute inflammatory polyneuropathy,G61.0,Guillain-Barre syndrome,no,,synonym,synonym,clinical synonym of Guillain-Barre syndrome,,,
peripheral neuropathy,G62.9,"Polyneuropathy, unspecified",yes,N33,synonym,synonym,clinical synonym of polyneuropathy,,,
peripheral neuropathy unspecified,G62.9,"Polyneuropathy, unspecified",no,,synonym,synonym,clinical synonym of polyneuropathy,,,
mg neuromuscular,G70.0,Myasthenia gravis,no,,synonym,synonym,abbreviation of myasthenia gravis,,,
myalgic encephalomyelitis,G93.3,Postviral fatigue syndrome,no,,synonym,synonym,clinical synonym of postviral fatigue syndrome,,,
chalazion,H00.0,Hordeolum and other deep inflammation of eyelid,no,,synonym,synonym,an eyelid inflammation,H00.1 chalazion,,
stye,H00.0,Hordeolum and other deep inflammation of eyelid,no,,synonym,synonym,lay name for the condition (hordeolum),,,
pink eye,H10.9,"Conjunctivitis, unspecified",no,,synonym,synonym,lay name for the condition (conjunctivitis),,,
anterior uveitis,H20.0,Acute and subacute iridocyclitis,no,,synonym,synonym,clinical synonym of iridocyclitis,H20.0 asserts acute or subacute,,
iritis,H20.0,Acute and subacute iridocyclitis,no,,synonym,synonym,a form of iridocyclitis,H20.0 asserts acute or subacute,,
retinopathy secondary,H36,Retinal disorders in diseases classified elsewhere,no,,synonym,synonym,a retinal disorder in another disease,manifestation code: needs its dagger code,,
raised intraocular pressure,H40.9,"Glaucoma, unspecified",no,,finding_or_risk_factor,result,raised pressure is not glaucoma,H40.0 glaucoma suspect / ocular hypertension,,
short sighted,H52.1,Myopia,no,,synonym,synonym,lay name for the condition (myopia),,,
double vision,H53.2,Diplopia,no,,synonym,synonym,lay name for the condition (diplopia),,,
low vision,H54.9,Unspecified visual impairment,no,,synonym,synonym,visual impairment,,,
swimmer ear,H60.3,Other infective otitis externa,no,,synonym,synonym,lay name for the condition (otitis externa),"the same condition maps to H60.9 under ""swimmer's ear""",,
swimmer's ear,H60.9,"Otitis externa, unspecified",no,,synonym,synonym,lay name for the condition (otitis externa),"the same condition maps to H60.3 under ""swimmer ear""",,
glue ear,H65.9,"Nonsuppurative otitis media, unspecified",no,,synonym,synonym,lay name for the condition (otitis media with effusion),,,
middle ear infection,H66.9,"Otitis media, unspecified",no,,synonym,synonym,lay name for the condition (otitis media),,,
labyrinthitis,H81.3,Other peripheral vertigo,no,,synonym,synonym,a peripheral vestibular disorder,H83.0 labyrinthitis,,
vestibular neuronitis,H81.3,Other peripheral vertigo,no,,synonym,synonym,a peripheral vestibular disorder,H81.2 vestibular neuronitis,,
deafness,H91.9,"Hearing loss, unspecified",no,,synonym,synonym,clinical synonym of hearing loss,,,
earache,H92.0,Otalgia,no,,synonym,synonym,lay name for the condition (otalgia),,,
elevated bp,I10,Essential (primary) hypertension,no,,finding_or_risk_factor,result,"wording of a measurement; can be a single reading rather than a diagnosed condition; hypertension is diagnosed, not read once",R03.0 elevated blood-pressure reading without diagnosis of hypertension,,
high blood pressure,I10,Essential (primary) hypertension,no,,finding_or_risk_factor,result,wording of a measurement; can be a single reading rather than a diagnosed condition; also the lay name for hypertension — code when documented as a condition,R03.0 for a raised reading,,
acute coronary syndrome,I20.0,Unstable angina,no,,finding_or_risk_factor,broader_term,"covers STEMI, NSTEMI and unstable angina; does not establish unstable angina","I24.9 acute ischaemic heart disease, unspecified",,
preinfarction syndrome,I20.0,Unstable angina,no,,synonym,synonym,an ICD inclusion term of unstable angina,,,
chest pain cardiac,I20.9,"Angina pectoris, unspecified",no,,finding_or_risk_factor,symptom,chest pain attributed to the heart is a symptom; angina must be documented,R07.4 chest pain,,
lateral stemi,I21.2,Acute transmural myocardial infarction of other sites,no,,synonym,synonym,abbreviation of a transmural infarction of another site,,,
posterior stemi,I21.2,Acute transmural myocardial infarction of other sites,no,,synonym,synonym,abbreviation of a transmural infarction of another site,,,
non-st elevation mi,I21.4,Acute subendocardial myocardial infarction,no,,synonym,synonym,clinical synonym of subendocardial infarction,,,
non-stemi heart attack,I21.4,Acute subendocardial myocardial infarction,no,,synonym,synonym,clinical synonym of subendocardial infarction,,,
nstemi,I21.4,Acute subendocardial myocardial infarction,no,,synonym,synonym,abbreviation of non-ST elevation myocardial infarction,,,
heart attack,I21.9,"Acute myocardial infarction, unspecified",no,,synonym,synonym,lay name for the condition,,,
reinfarction,I22.9,Subsequent myocardial infarction of unspecified site,no,,synonym,synonym,clinical synonym of subsequent myocardial infarction,,,
coronary artery disease,I25.10,"Atherosclerotic heart disease, of unspecified vessel",no,,synonym,synonym,clinical synonym of atherosclerotic heart disease,,,
cabg complication,I25.12,"Atherosclerotic heart disease, of autologous bypass graft",no,,finding_or_risk_factor,broader_term,a bypass complication can be many things; the code asserts atherosclerosis of the graft,T82.x complications of cardiac and vascular grafts,,
ischemic heart muscle disease,I25.5,Ischaemic cardiomyopathy,no,,synonym,synonym,lay name for the condition (ischaemic cardiomyopathy),,,
blood clot in lung,I26.9,Pulmonary embolism without mention of acute cor pulmonale,no,,synonym,synonym,lay name for the condition (pulmonary embolism),,,
heart stopped,I46.9,"Cardiac arrest, unspecified",no,,synonym,synonym,lay name for the condition (cardiac arrest),,,
fast heart rate svt,I47.1,Supraventricular tachycardia,no,,synonym,synonym,names supraventricular tachycardia,,,
intermittent afib,I48.0,Paroxysmal atrial fibrillation,no,,synonym,synonym,paroxysmal atrial fibrillation,,,
irregular heart rhythm,I48.9,"Atrial fibrillation and atrial flutter, unspecified",no,,finding_or_risk_factor,sign,an irregular rhythm is not necessarily atrial fibrillation,"I49.9 cardiac arrhythmia, unspecified",,
abnormal heart rhythm,I49.9,"Cardiac arrhythmia, unspecified",no,,synonym,synonym,lay name for the condition (arrhythmia),,,
dysrhythmia,I49.9,"Cardiac arrhythmia, unspecified",no,,synonym,synonym,clinical synonym of arrhythmia,,,
irregular heartbeat,I49.9,"Cardiac arrhythmia, unspecified",no,,synonym,synonym,lay name for the condition (arrhythmia),,,
acute pulmonary oedema,I50.1,Left ventricular failure,no,,synonym,synonym,cardiogenic pulmonary oedema is left ventricular failure,J81 when the oedema is not cardiac,,
enlarged heart,I51.7,Cardiomegaly,no,,synonym,synonym,lay name for the condition (cardiomegaly),often an imaging finding: code when the physician documents its significance,,
acute ischaemic stroke,I63.9,"Cerebral infarction, unspecified",yes,N20,synonym,synonym,clinical synonym of cerebral infarction,,,
ischaemic cva,I63.9,"Cerebral infarction, unspecified",no,,synonym,synonym,clinical synonym of cerebral infarction,,,
ischaemic stroke,I63.9,"Cerebral infarction, unspecified",yes,N20,synonym,synonym,clinical synonym of cerebral infarction,,,
ischemic stroke,I63.9,"Cerebral infarction, unspecified",no,,synonym,synonym,clinical synonym of cerebral infarction,,,
brain attack,I64,"Stroke, not specified as haemorrhage or infarction",no,,synonym,synonym,lay name for the condition (stroke),,,
cerebrovascular accident,I64,"Stroke, not specified as haemorrhage or infarction",no,,synonym,synonym,clinical synonym of stroke,,,
htn brain complication,I67.4,Hypertensive encephalopathy,no,,finding_or_risk_factor,broader_term,"hypertensive encephalopathy is one of several brain complications of hypertension (haemorrhage, infarction)",,,
peripheral vascular disease,I70.20,"Atherosclerosis of arteries of extremities, unspecified",no,,synonym,synonym,used for peripheral arterial disease,"I73.9 peripheral vascular disease, unspecified, when atherosclerosis is not stated",,
acute limb ischaemia,I74.3,Embolism and thrombosis of arteries of lower extremities,no,,synonym,synonym,clinical synonym,I74.3 asserts embolism or thrombosis of a lower-limb artery,,
limb ischemia,I74.3,Embolism and thrombosis of arteries of lower extremities,no,,finding_or_risk_factor,broader_term,chronic limb ischaemia is I70.2x; the code asserts an acute lower-limb embolism or thrombosis,,,
low blood pressure,I95.9,"Hypotension, unspecified",no,,finding_or_risk_factor,result,wording of a measurement; can be a single reading rather than a diagnosed condition; also the lay name for hypotension,,,
sore throat,J02.9,"Acute pharyngitis, unspecified",no,,synonym,synonym,the ICD index maps sore throat to acute pharyngitis,R07.0 pain in throat when only the symptom is meant,,
tonsillopharyngitis,J02.9,"Acute pharyngitis, unspecified",no,,synonym,synonym,inflammation of tonsils and pharynx,J03.9 tonsillitis or J06.8 when the tonsils dominate,,
cold symptoms,J06.9,"Acute upper respiratory infection, unspecified",no,,finding_or_risk_factor,symptom,"symptoms, not a diagnosed respiratory infection",,,
common cold,J06.9,"Acute upper respiratory infection, unspecified",no,,synonym,synonym,lay name for the condition,J00 acute nasopharyngitis [common cold],,
chest infection,J18.9,"Pneumonia, unspecified",no,,finding_or_risk_factor,broader_term,a chest infection is not necessarily pneumonia,J22 unspecified acute lower respiratory infection (the hospital defaults file says J22),,
lower respiratory tract infection,J18.9,"Pneumonia, unspecified",no,,finding_or_risk_factor,broader_term,LRTI includes bronchitis; does not establish pneumonia,J22 unspecified acute lower respiratory infection,,
lung infection,J18.9,"Pneumonia, unspecified",no,,finding_or_risk_factor,broader_term,does not establish pneumonia,J22 unspecified acute lower respiratory infection,,
hay fever,J30.4,"Allergic rhinitis, unspecified",no,,synonym,synonym,lay name for the condition (allergic rhinitis),J30.1 allergic rhinitis due to pollen,,
quinsy,J36,Peritonsillar abscess,no,,synonym,synonym,lay name for the condition (peritonsillar abscess),,,
aecopd,J44.1,"Chronic obstructive pulmonary disease with acute exacerbation, unspecified",no,,synonym,synonym,abbreviation of acute exacerbation of COPD,,,
emphysema,J44.9,"Chronic obstructive pulmonary disease, unspecified",no,,synonym,synonym,a form of chronic obstructive lung disease,"J43.9 emphysema, unspecified",,
reactive airway disease,J45.9,"Asthma, unspecified",no,,synonym,synonym,used for asthma,,,
empyema,J86.9,Pyothorax without fistula,no,,synonym,synonym,pleural empyema is pyothorax,empyema of the gallbladder (K81.0) or other sites is different,,
collapsed lung,J93.9,"Pneumothorax, unspecified",no,,synonym,synonym,lay name for the condition (pneumothorax),also used for atelectasis (J98.1),,
atelectasis,J98.1,Pulmonary collapse,no,,synonym,synonym,clinical synonym of pulmonary collapse,often an imaging finding: code when the physician documents its significance,,
other cavities,K02.8,Other dental caries,no,,finding_or_risk_factor,ambiguous_word,"""cavity"" in a note is usually anatomical (oral, abdominal, lung cavity)",,,
other tooth decay,K02.8,Other dental caries,no,,synonym,synonym,lay name for the condition (dental caries),,,
cavities,K02.9,"Dental caries, unspecified",no,,finding_or_risk_factor,ambiguous_word,"""cavity"" in a note is usually anatomical (oral, abdominal, lung cavity)",,,
cavity,K02.9,"Dental caries, unspecified",no,,finding_or_risk_factor,ambiguous_word,"""cavity"" in a note is usually anatomical (oral, abdominal, lung cavity)",,,
tooth cavity,K02.9,"Dental caries, unspecified",no,,synonym,synonym,lay name for the condition (dental caries),,,
tooth decay,K02.9,"Dental caries, unspecified",no,,synonym,synonym,lay name for the condition (dental caries),,,
dental calculus,K03.6,Deposits [accretions] on teeth,no,,synonym,synonym,a deposit on teeth,,,
plaque buildup,K03.6,Deposits [accretions] on teeth,no,,finding_or_risk_factor,ambiguous_word,also atherosclerotic plaque; does not establish dental deposits,,,
tartar,K03.6,Deposits [accretions] on teeth,no,,synonym,synonym,lay name for the condition (dental calculus),,,
tooth nerve inflammation,K04.0,Pulpitis,no,,synonym,synonym,lay name for the condition (pulpitis),,,
tooth pulp inflammation,K04.0,Pulpitis,no,,synonym,synonym,lay name for the condition (pulpitis),,,
gum disease unspecified,K05.6,"Periodontal disease, unspecified",no,,synonym,synonym,lay name for the condition (periodontal disease),,,
gum overgrowth,K06.1,Gingival enlargement,no,,synonym,synonym,lay name for the condition (gingival enlargement),,,
tmj disorder,K07.6,Temporomandibular joint disorders,no,,synonym,synonym,abbreviation of temporomandibular joint disorder,,,
esophagitis,K20,Oesophagitis,no,,synonym,synonym,spelling variant of oesophagitis,,,
inflamed esophagus,K20,Oesophagitis,no,,synonym,synonym,lay name for the condition (oesophagitis),,,
erosive esophagitis,K21.0,Gastro-oesophageal reflux disease with oesophagitis,no,,synonym,synonym,usually reflux oesophagitis,K21.0 asserts reflux; K20 when the cause is not stated,,
gerd with esophagitis,K21.0,Gastro-oesophageal reflux disease with oesophagitis,no,,synonym,synonym,abbreviation with spelling variant,,,
heartburn,K21.9,Gastro-oesophageal reflux disease without oesophagitis,no,,finding_or_risk_factor,symptom,"a symptom of reflux, not a diagnosed reflux disease",R12 heartburn,,
inflamed stomach lining,K29.70,"Gastritis, unspecified, without mention of haemorrhage",no,,synonym,synonym,lay name for the condition (gastritis),,,
stomach inflammation,K29.70,"Gastritis, unspecified, without mention of haemorrhage",no,,synonym,synonym,lay name for the condition (gastritis),,,
stomach and duodenum inflammation,K29.90,"Gastroduodenitis, unspecified, without mention of haemorrhage",no,,synonym,synonym,lay name for the condition (gastroduodenitis),,,
indigestion,K30,Functional dyspepsia,no,,synonym,synonym,the ICD index maps indigestion to dyspepsia (K30),,,
indigestion with bloating,K30,Functional dyspepsia,no,,synonym,synonym,the ICD index maps indigestion to dyspepsia (K30),,,
upset stomach,K30,Functional dyspepsia,no,,finding_or_risk_factor,symptom,"a vague complaint (nausea, gastroenteritis, dyspepsia)",,,
regional enteritis,K50.0,Crohn's disease of small intestine,no,,synonym,synonym,an ICD inclusion term of Crohn disease,the same term also maps to K50.9; K50.0 asserts small intestine,,
regional enteritis,K50.9,"Crohn's disease, unspecified",no,,synonym,synonym,an ICD inclusion term of Crohn disease,the same term also maps to K50.0,,
ischaemic colitis,K55.9,"Vascular disorder of intestine, unspecified",no,,synonym,synonym,a vascular disorder of the intestine,K55.0 acute or K55.1 chronic when stated,,
mesenteric ischaemia,K55.9,"Vascular disorder of intestine, unspecified",no,,synonym,synonym,a vascular disorder of the intestine,K55.0 acute or K55.1 chronic when stated,,
bowel blockage,K56.6,Other and unspecified intestinal obstruction,no,,synonym,synonym,lay name for the condition (intestinal obstruction),,,
spastic colon,K58.9,Irritable bowel syndrome without diarrhoea,no,,synonym,synonym,older name of irritable bowel syndrome,,,
difficulty passing stool,K59.0,Constipation,no,,synonym,synonym,lay name for the condition (constipation; itself a symptom code),,,
irregular bowel movements,K59.0,Constipation,no,,finding_or_risk_factor,symptom,a change in bowel habit is not constipation,R19.4 change in bowel habit,,
anal bleeding,K62.5,Haemorrhage of anus and rectum,no,,synonym,synonym,names the haemorrhage the code describes,,,
blood in stool,K62.5,Haemorrhage of anus and rectum,no,,finding_or_risk_factor,symptom,could be melaena or occult blood; the source is not established,"K92.1 melaena, R19.5 faecal occult blood",,
haematochezia,K62.5,Haemorrhage of anus and rectum,no,,synonym,synonym,fresh blood per rectum,K92.2 when the source is not anorectal,,
per rectal bleeding,K62.5,Haemorrhage of anus and rectum,no,,synonym,synonym,names the haemorrhage the code describes,,,
rectal bleeding,K62.5,Haemorrhage of anus and rectum,no,,synonym,synonym,names the haemorrhage the code describes,,,
rectal hemorrhage,K62.5,Haemorrhage of anus and rectum,no,,synonym,synonym,spelling variant,,,
hemorrhoids,K64.9,"Haemorrhoids, unspecified",no,,synonym,synonym,spelling variant,,,
piles,K64.9,"Haemorrhoids, unspecified",no,,synonym,synonym,lay name for the condition (haemorrhoids),,,
hepatotoxicity,K71.9,"Toxic liver disease, unspecified",no,,synonym,synonym,clinical synonym of toxic liver disease,needs the drug as an external cause,,
hepatitis unspecified,K75.9,"Inflammatory liver disease, unspecified",no,,synonym,synonym,names an inflammatory liver disease,viral hepatitis is B15–B19,,
hepatic steatosis,K76.0,"Fatty (change of) liver, not elsewhere classified",no,,synonym,synonym,clinical synonym of fatty liver,often an imaging finding: code when the physician documents its significance,,
hepatic steatosis with metabolic syndrome,K76.0,"Fatty (change of) liver, not elsewhere classified",no,,synonym,synonym,clinical synonym of fatty liver,,,
hepatic disease unspecified,K76.9,"Liver disease, unspecified",no,,synonym,synonym,clinical synonym of liver disease,,,
biliary colic,K80.20,"Calculus of gallbladder without cholecystitis, without mention of obstruction",no,,finding_or_risk_factor,symptom,the pain; gallstones may not have been shown,,,
cholelithiasis,K80.20,"Calculus of gallbladder without cholecystitis, without mention of obstruction",no,,synonym,synonym,clinical synonym of gallstones,,,
gallstones,K80.20,"Calculus of gallbladder without cholecystitis, without mention of obstruction",yes,N44,synonym,synonym,lay name for the condition (calculus of gallbladder),,,
cbd stone,K80.50,"Calculus of bile duct without cholangitis or cholecystitis, without mention of obstruction",no,,synonym,synonym,abbreviation of common bile duct stone,,,
choledocholithiasis,K80.50,"Calculus of bile duct without cholangitis or cholecystitis, without mention of obstruction",no,,synonym,synonym,clinical synonym of bile duct calculus,,,
gallbladder inflammation,K81.0,Acute cholecystitis,no,,synonym,synonym,lay name for the condition (cholecystitis),K81.0 asserts acute; K81.9 when acuity is not stated,,
gluten enteropathy,K90.0,Coeliac disease,no,,synonym,synonym,clinical synonym of coeliac disease,,,
blood in vomit,K92.0,Haematemesis,no,,synonym,synonym,lay name for the condition (haematemesis),,,
hematemesis,K92.0,Haematemesis,no,,synonym,synonym,spelling variant,,,
vomiting blood,K92.0,Haematemesis,no,,synonym,synonym,lay name for the condition (haematemesis),,,
gi bleed,K92.2,"Gastrointestinal haemorrhage, unspecified",no,,synonym,synonym,abbreviation of gastrointestinal haemorrhage,,,
gi hemorrhage,K92.2,"Gastrointestinal haemorrhage, unspecified",no,,synonym,synonym,abbreviation with spelling variant,,,
upper gi bleeding,K92.2,"Gastrointestinal haemorrhage, unspecified",no,,synonym,synonym,gastrointestinal haemorrhage,,,
boil,L02.9,"Cutaneous abscess, furuncle and carbuncle, unspecified",no,,synonym,synonym,lay name for the condition (furuncle),,,
eczema,L20.9,"Atopic dermatitis, unspecified",no,,synonym,synonym,commonly atopic dermatitis,"L30.9 dermatitis, unspecified when atopy is not stated",,
dandruff,L21.9,"Seborrhoeic dermatitis, unspecified",no,,synonym,synonym,a form of seborrhoeic dermatitis,L21.0 seborrhoea capitis,,
itching,L29.9,"Pruritus, unspecified",no,,synonym,synonym,lay name for the condition (pruritus; itself a symptom code),,,
eczema unspecified,L30.9,"Dermatitis, unspecified",no,,synonym,synonym,clinical synonym of dermatitis,,,
skin inflammation,L30.9,"Dermatitis, unspecified",no,,synonym,synonym,lay name for the condition (dermatitis),,,
skin rash,L30.9,"Dermatitis, unspecified",no,,finding_or_risk_factor,sign,"a rash is a sign, not dermatitis",R21 rash and other nonspecific skin eruption,,
hives,L50.9,"Urticaria, unspecified",no,,synonym,synonym,lay name for the condition (urticaria),,,
nettle rash,L50.9,"Urticaria, unspecified",no,,synonym,synonym,lay name for the condition (urticaria),,,
patchy hair loss,L63.9,"Alopecia areata, unspecified",no,,finding_or_risk_factor,sign,"patchy hair loss has several causes (tinea capitis, traction)","L65.9 nonscarring hair loss, unspecified",,
male pattern baldness,L64.9,"Androgenic alopecia, unspecified",no,,synonym,synonym,lay name for the condition (androgenic alopecia),,,
pimples,L70.0,Acne vulgaris,no,,finding_or_risk_factor,sign,describes lesions; acne vulgaris must be documented,,,
heat rash,L74.3,"Miliaria, unspecified",no,,synonym,synonym,lay name for the condition (miliaria),,,
melasma,L81.4,Other melanin hyperpigmentation,no,,synonym,synonym,a melanin hyperpigmentation,L81.1 chloasma (melasma),,
callus,L84.9,"Corns and callosities, unspecified",no,,synonym,synonym,the condition the code describes,,,
dry skin,L85.3,Xerosis cutis,no,,synonym,synonym,lay name for the condition (xerosis cutis),,,
bed sore,L89.40,"Pressure injury, unstageable, so stated, site not elsewhere classified",no,,synonym,synonym,lay name for the condition (pressure injury),"L89.40 asserts ""unstageable, so stated""; the stage is not documented by the phrase",,
decubitus ulcer,L89.40,"Pressure injury, unstageable, so stated, site not elsewhere classified",no,,synonym,synonym,clinical synonym of pressure injury,"L89.40 asserts ""unstageable, so stated""",,
podagra,M10.07,"Idiopathic gout, ankle and foot",no,,synonym,synonym,gout of the big toe,,,
gouty arthritis,M10.90,"Gout, unspecified, multiple sites",no,,synonym,synonym,clinical synonym of gout,M10.90 asserts multiple sites,,
calcium pyrophosphate deposition,M11.20,"Other chondrocalcinosis, multiple sites",no,,synonym,synonym,the disease of chondrocalcinosis,M11.20 asserts multiple sites,,
pseudogout,M11.20,"Other chondrocalcinosis, multiple sites",no,,synonym,synonym,clinical synonym of chondrocalcinosis,M11.20 asserts multiple sites,,
arthritis unspecified,M13.0,"Polyarthritis, unspecified",no,,synonym,synonym,names an arthritis,"M13.0 asserts polyarthritis; M13.99 arthritis, unspecified",,
joint inflammation unspecified,M13.99,"Arthritis, unspecified, site unspecified",no,,synonym,synonym,lay name for the condition (arthritis),,,
generalised osteoarthritis,M15.9,"Polyarthrosis, unspecified",no,,synonym,synonym,clinical synonym of polyarthrosis,,,
polyosteoarthritis,M15.9,"Polyarthrosis, unspecified",no,,synonym,synonym,clinical synonym of polyarthrosis,,,
hip osteoarthritis,M16.9,"Coxarthrosis, unspecified",no,,synonym,synonym,clinical synonym of coxarthrosis,,,
oa hip,M16.9,"Coxarthrosis, unspecified",no,,synonym,synonym,abbreviation of hip osteoarthritis,,,
knee oa both,M17.0,"Primary gonarthrosis, bilateral",no,,synonym,synonym,abbreviation of bilateral knee osteoarthritis,M17.0 asserts primary,,
osteoarthritis both knees,M17.0,"Primary gonarthrosis, bilateral",no,,synonym,synonym,clinical synonym of bilateral gonarthrosis,M17.0 asserts primary,,
osteoarthritis of the knees,M17.0,"Primary gonarthrosis, bilateral",yes,N09,synonym,synonym,clinical synonym of bilateral gonarthrosis,M17.0 asserts primary,,
degenerative knee disease,M17.9,"Gonarthrosis, unspecified",no,,synonym,synonym,lay name for the condition (gonarthrosis),,,
knee osteoarthritis,M17.9,"Gonarthrosis, unspecified",no,,synonym,synonym,clinical synonym of gonarthrosis,,,
oa knee,M17.9,"Gonarthrosis, unspecified",no,,synonym,synonym,abbreviation of knee osteoarthritis,,,
thumb base arthritis,M18.9,"Arthrosis of first carpometacarpal joint, unspecified",no,,synonym,synonym,lay name for the condition (first carpometacarpal arthrosis),,,
osteoarthritis,M19.09,"Primary arthrosis of other joints, site unspecified",yes,N09,synonym,synonym,clinical synonym of arthrosis,M19.09 asserts primary arthrosis of other joints; the hospital defaults file says M19.99,,
bunion,M20.1,Hallux valgus (acquired),no,,synonym,synonym,lay name for the condition (hallux valgus),,,
anterior knee pain,M22.2,Patellofemoral disorders,no,,finding_or_risk_factor,symptom,a pain; patellofemoral disorder must be documented,"M25.56 pain in joint, lower leg",,
knee cap pain,M22.2,Patellofemoral disorders,no,,finding_or_risk_factor,symptom,a pain; patellofemoral disorder must be documented,"M25.56 pain in joint, lower leg",,
runner's knee,M22.4,Chondromalacia patellae,no,,synonym,synonym,lay name for the condition (a patellofemoral disorder),"usually patellofemoral pain syndrome, M22.2; chondromalacia patellae only when stated",,
swollen knee,M25.46,"Effusion of joint, lower leg",no,,finding_or_risk_factor,sign,swelling is not necessarily an effusion,M25.46 needs an effusion documented,,
arthralgia,M25.50,"Pain in a joint, multiple sites",no,,synonym,synonym,clinical synonym of joint pain,,,
polyarthralgia,M25.50,"Pain in a joint, multiple sites",no,,synonym,synonym,joint pain at multiple sites,,,
hip pain,M25.85,"Other specified joint disorders, pelvic region and thigh",no,,finding_or_risk_factor,symptom,"a pain mapped to ""other specified joint disorders""","M25.55 pain in joint, pelvic region and thigh",,
pinched nerve neck,M50.1,Cervical disc disorder with radiculopathy,no,,finding_or_risk_factor,broader_term,lay name for cervical radiculopathy; the code asserts a disc disorder as its cause,"the same phrase also maps to M54.12 radiculopathy, cervical region",,
sciatica,M51.1,Lumbar and other intervertebral disc disorders with radiculopathy (G55.1*),no,,finding_or_risk_factor,symptom,a pain syndrome; the code asserts a disc disorder as its cause,M54.3 sciatica,,
neck nerve pain,M54.12,"Radiculopathy, cervical region",no,,finding_or_risk_factor,symptom,a pain description; radiculopathy must be documented,,,
neck pain radiating to arm,M54.12,"Radiculopathy, cervical region",no,,finding_or_risk_factor,symptom,radiating pain is not necessarily radiculopathy,,,
pinched nerve neck,M54.12,"Radiculopathy, cervical region",no,,synonym,synonym,lay name for the condition (cervical radiculopathy),,,
pinched nerve lower back,M54.16,"Radiculopathy, lumbar region",no,,synonym,synonym,lay name for the condition (lumbar radiculopathy),,,
neck pain,M54.2,Cervicalgia,yes,N59,synonym,synonym,lay name for the condition (cervicalgia; itself a symptom code),,,
backache,M54.5,Low back pain,no,,synonym,synonym,lay name for the condition (back pain; itself a symptom code),"M54.5 asserts low back; M54.9 dorsalgia, unspecified",,
lumbago,M54.5,Low back pain,no,,synonym,synonym,older name of low back pain,,,
trigger finger,M65.4,Radial styloid tenosynovitis [de Quervain],no,,synonym,synonym,a tenosynovitis,wrong member: M65.4 is de Quervain; trigger finger is M65.3,,
housemaid knee,M70.4,Prepatellar bursitis,no,,synonym,synonym,lay name for the condition (prepatellar bursitis),,,
heel spur pain,M72.2,Plantar fascial fibromatosis,no,,finding_or_risk_factor,symptom,a pain; the code is plantar fasciitis,M77.3 calcaneal spur,,
shoulder impingement,M75.1,Rotator cuff syndrome,no,,synonym,synonym,a rotator cuff disorder,M75.4 impingement syndrome of shoulder,,
golfer elbow,M77.0,Medial epicondylitis,no,,synonym,synonym,lay name for the condition (medial epicondylitis),,,
tennis elbow,M77.1,Lateral epicondylitis,no,,synonym,synonym,lay name for the condition (lateral epicondylitis),,,
muscle pain,M79.19,"Myalgia, site unspecified",no,,synonym,synonym,lay name for the condition (myalgia; itself a symptom code),,,
widespread pain syndrome,M79.70,"Fibromyalgia, multiple sites",no,,finding_or_risk_factor,symptom,chronic widespread pain is not necessarily fibromyalgia,,,
low bone density,M81.90,"Unspecified osteoporosis, multiple sites",no,,finding_or_risk_factor,result,"a bone-density result can be osteopenia, not osteoporosis",M85.8 osteopenia,,
avascular necrosis,M87.89,"Other osteonecrosis, site unspecified",no,,synonym,synonym,clinical synonym of osteonecrosis,,,
costochondritis,M94.0,Chondrocostal junction syndrome [Tietze],no,,synonym,synonym,an ICD inclusion term of chondrocostal junction syndrome,,,
glomerulonephritis,N00.9,"Acute nephritic syndrome, unspecified",no,,synonym,synonym,names a nephritic syndrome,N00.9 asserts acute; N05.9 unspecified nephritic syndrome,,
pyelonephritis,N10,Acute tubulo-interstitial nephritis,no,,synonym,synonym,clinical synonym of tubulo-interstitial nephritis,N10 asserts acute; N12 when acuity is not stated,,
upper urinary tract infection,N10,Acute tubulo-interstitial nephritis,no,,synonym,synonym,lay name for the condition (pyelonephritis),N10 asserts acute,,
kidney swelling from stone,N13.2,Hydronephrosis with renal and ureteral calculous obstruction,no,,synonym,synonym,lay name for the condition (hydronephrosis with calculous obstruction),,,
ckd 3,N18.3,"Chronic kidney disease, stage 3",no,,synonym,synonym,abbreviation with stage,,,
ckd 3a,N18.3,"Chronic kidney disease, stage 3",no,,synonym,synonym,abbreviation with stage,,,
ckd 3b,N18.3,"Chronic kidney disease, stage 3",no,,synonym,synonym,abbreviation with stage,,,
ckd 4,N18.4,"Chronic kidney disease, stage 4",no,,synonym,synonym,abbreviation with stage,,,
renal impairment,N18.9,"Chronic kidney disease, unspecified",no,,finding_or_risk_factor,broader_term,renal impairment may be acute (N17) or a single low eGFR; does not establish chronic kidney disease,N17.9 or N19 when chronicity is not documented,,
nephrolithiasis,N20.0,Calculus of kidney,no,,synonym,synonym,clinical synonym of kidney calculus,,,
renal stone,N20.0,Calculus of kidney,no,,synonym,synonym,lay name for the condition (kidney calculus),,,
flank pain from kidney stone,N23,Unspecified renal colic,no,,synonym,synonym,renal colic from a stone,N20.x when the stone is documented as the diagnosis,,
bladder infection,N30.0,Acute cystitis,no,,synonym,synonym,lay name for the condition (cystitis),N30.0 asserts acute; N30.9 when acuity is not stated,,
urosepsis,N39.0,"Urinary tract infection, site not specified",yes,N28,synonym,synonym,used for a urinary infection with systemic features,ambiguous term: coding practice is to query; the same term also maps to A41.9,,
erectile dysfunction,N48.4,Impotence of organic origin,no,,synonym,synonym,clinical synonym of impotence,N48.4 asserts organic origin; F52.2 when psychogenic,,
orchialgia,N50.8,Other specified disorders of male genital organs,no,,synonym,synonym,testicular pain (itself a symptom code),,,
testicular pain,N50.8,Other specified disorders of male genital organs,yes,N51,synonym,synonym,testicular pain (itself a symptom code),,,
mastitis,N61,Inflammatory disorders of breast,no,,synonym,synonym,an inflammatory disorder of breast,O91.x when associated with childbirth or lactation,,
breast pain,N64.4,Mastodynia,no,,synonym,synonym,lay name for the condition (mastodynia; itself a symptom code),,,
mastalgia,N64.4,Mastodynia,no,,synonym,synonym,clinical synonym of mastodynia,,,
pelvic inflammatory disease,N70.9,"Salpingitis and oophoritis, unspecified",no,,synonym,synonym,infection of the upper genital tract,"N73.9 female pelvic inflammatory disease, unspecified",,
vaginal infection,N76.0,Acute vaginitis,no,,synonym,synonym,lay name for the condition (vaginitis),N76.0 asserts acute,,
absent periods,N91.2,"Amenorrhoea, unspecified",no,,synonym,synonym,lay name for the condition (amenorrhoea),,,
missed periods,N91.2,"Amenorrhoea, unspecified",no,,finding_or_risk_factor,symptom,a missed period is often pregnancy; amenorrhoea must be documented,,,
no menstruation,N91.2,"Amenorrhoea, unspecified",no,,synonym,synonym,the literal meaning of amenorrhoea,,,
heavy periods,N93.8,Other specified abnormal uterine and vaginal bleeding,yes,N58,synonym,synonym,lay name for the condition (menorrhagia),N92.0 excessive and frequent menstruation with regular cycle,,
menorrhagia,N93.8,Other specified abnormal uterine and vaginal bleeding,no,,synonym,synonym,clinical synonym of heavy menstrual bleeding,N92.0 excessive and frequent menstruation with regular cycle,,
menstrual cramps,N94.6,"Dysmenorrhoea, unspecified",no,,synonym,synonym,lay name for the condition (dysmenorrhoea),,,
painful periods,N94.6,"Dysmenorrhoea, unspecified",no,,synonym,synonym,lay name for the condition (dysmenorrhoea),,,
period pain,N94.6,"Dysmenorrhoea, unspecified",no,,synonym,synonym,lay name for the condition (dysmenorrhoea),,,
hot flushes and night sweats,N95.1,Menopausal and female climacteric states,no,,finding_or_risk_factor,symptom,"vasomotor symptoms have other causes (infection, lymphoma, thyroid); menopause must be documented",,,
perimenopausal symptoms,N95.1,Menopausal and female climacteric states,yes,N27,synonym,synonym,N95.1 includes symptoms associated with menopause,,,
subfertility,N97.9,"Female infertility, unspecified",no,,synonym,synonym,clinical synonym of infertility,sex-specific: N46 male infertility,,
miscarriage,O03.9,"Spontaneous abortion, complete or unspecified, without complication",yes,N52,synonym,synonym,lay name for the condition (spontaneous abortion),,,
preeclampsia,O14.9,"Pre-eclampsia, unspecified",no,,synonym,synonym,spelling variant,,,
spotting in pregnancy,O20.0,Threatened abortion,no,,finding_or_risk_factor,symptom,bleeding in pregnancy is not a diagnosed threatened abortion,"O20.9 haemorrhage in early pregnancy, unspecified",,
morning sickness,O21.0,Hyperemesis gravidarum,no,,synonym,synonym,lay name for the condition (vomiting of pregnancy),"O21.0 asserts hyperemesis; O21.9 vomiting of pregnancy, unspecified",,
small for gestational age,O36.5,Maternal care for poor fetal growth,no,,synonym,synonym,poor fetal growth,P05.1 when coding the baby,,
braxton hicks,O47.9,"False labour, unspecified",no,,synonym,synonym,eponym of false labour,,,
normal vaginal birth,O80,Single spontaneous delivery,no,,synonym,synonym,names the delivery,,,
csection,O82,Single delivery by caesarean section,no,,synonym,synonym,names the delivery,,,
poor milk supply,O92.70,"Other and unspecified disorders of lactation, without mention of attachment difficulty",no,,synonym,synonym,a disorder of lactation,O92.4 hypogalactia,,
preterm infant,P07.30,"Prematurity, unspecified",no,,synonym,synonym,clinical synonym of prematurity,,,
face bruise,S00.85,"Superficial injury of other parts of head, contusion",no,,synonym,synonym,lay name for the condition (contusion of the face),,,
broken nose,S02.2,Fracture of nasal bones,no,,synonym,synonym,lay name for the condition (nasal bone fracture),,,
mild head injury,S06.00,Concussion,no,,finding_or_risk_factor,broader_term,a head injury is not necessarily a concussion,"S09.9 injury of head, unspecified",,
minor head injury,S06.00,Concussion,no,,finding_or_risk_factor,broader_term,a head injury is not necessarily a concussion,"S09.9 injury of head, unspecified",,
blacked out head injury,S06.01,Loss of consciousness of unspecified duration,no,,synonym,synonym,a head injury with loss of consciousness,,,
concussion loc,S06.01,Loss of consciousness of unspecified duration,no,,synonym,synonym,abbreviation of concussion with loss of consciousness,,,
whiplash,S13.4,Sprain and strain of cervical spine,yes,N59,synonym,synonym,lay name for the condition (cervical sprain),,,
broken collarbone,S42.00,"Fracture of clavicle, part unspecified",no,,synonym,synonym,lay name for the condition (clavicle fracture),,,
supraspinatus tear,S46.0,Injury of muscle(s) and tendon(s) of the rotator cuff of shoulder,no,,synonym,synonym,a rotator cuff injury,"M75.1 when the tear is degenerative, not traumatic",,
broken thigh bone,S72.3,Fracture of shaft of femur,no,,synonym,synonym,lay name for the condition (femur fracture),S72.3 asserts the shaft; S72.9 when the part is not stated,,
acl tear,S83.53,Rupture of anterior cruciate ligament,no,,synonym,synonym,abbreviation of anterior cruciate ligament rupture,,,
torn acl,S83.53,Rupture of anterior cruciate ligament,no,,synonym,synonym,abbreviation of anterior cruciate ligament rupture,,,
gastrocnemius tear,S86.1,Injury of other muscle(s) and tendon(s) of posterior muscle group at lower leg level,no,,synonym,synonym,a calf muscle injury,,,
polytrauma,T07,Unspecified multiple injuries,no,,synonym,synonym,clinical synonym of multiple injuries,,,
bruise,T14.05,Contusion of unspecified body region,no,,synonym,synonym,lay name for the condition (contusion),,,
soft tissue injury,T14.05,Contusion of unspecified body region,no,,finding_or_risk_factor,broader_term,"a soft tissue injury can be a sprain, strain or wound, not only a contusion","T14.9 injury, unspecified",,
laceration,T14.1,Open wound of unspecified body region,no,,synonym,synonym,an open wound,,,
scald,T30.0,"Burn of unspecified body region, unspecified thickness",no,,synonym,synonym,a burn,,,
bee sting,T63.4,Venom of other arthropods,no,,synonym,synonym,a venomous arthropod sting,,,
insect sting,T63.4,Venom of other arthropods,no,,synonym,synonym,a venomous arthropod sting,,,
heat stroke,T67.0,Heatstroke and sunstroke,no,,synonym,synonym,the condition the code describes,,,
diving injury,T70.3,Other effects of decompression and barotrauma,no,,finding_or_risk_factor,broader_term,"a diving injury can be a spinal or head injury, not only barotrauma",,,
angioedema,T78.3,Angioneurotic oedema,no,,synonym,synonym,clinical synonym of angioneurotic oedema,,,
coronavirus disease,U07.1,Emergency use of U07.1,no,,synonym,synonym,"names COVID-19 (the table describes U07.1 as ""Emergency use of U07.1"")",,,
covid-19,U07.1,Emergency use of U07.1,no,,synonym,synonym,names COVID-19,,,
sars-cov-2 infection,U07.1,Emergency use of U07.1,no,,synonym,synonym,names COVID-19,,,
obese,U78.1,Obesity,no,,synonym,synonym,names obesity,"an adjective too (""obese abdomen""); U78.1 is a supplementary chronic-condition code beside E66.x",,
htn secondary,U82.3,Hypertension,no,,synonym,synonym,abbreviation,"reads as ""secondary hypertension"" (I15.9) as easily as the supplementary hypertension code",,
mva injury,V89.2,"Person injured in unspecified motor-vehicle accident, traffic",no,,synonym,synonym,names the external cause,,,
post rta,V89.2,"Person injured in unspecified motor-vehicle accident, traffic",no,,synonym,synonym,names the external cause,,,
annual physical,Z00.0,General medical examination,no,,synonym,synonym,names the general examination,,,
health check,Z00.0,General medical examination,no,,synonym,synonym,names the general examination,,,
health checkup,Z00.0,General medical examination,no,,synonym,synonym,names the general examination,,,
physical exam,Z00.0,General medical examination,no,,finding_or_risk_factor,ambiguous_word,every note has a physical examination section; the phrase does not make the encounter a general check-up,,,
routine check up,Z00.0,General medical examination,no,,synonym,synonym,names the general examination,,,
routine checkup,Z00.0,General medical examination,no,,synonym,synonym,names the general examination,,,
wellness exam,Z00.0,General medical examination,no,,synonym,synonym,names the general examination,,,
bp review,Z01.3,Examination of blood pressure,no,,synonym,synonym,names a blood-pressure examination,"in a patient with hypertension the review is coded I10, not Z01.3",,
gynae exam,Z01.4,Gynaecological examination (general)(routine),no,,synonym,synonym,names the gynaecological examination,,,
gynecological exam,Z01.4,Gynaecological examination (general)(routine),no,,synonym,synonym,names the gynaecological examination,,,
pre-employment medical,Z10.0,Occupational health examination,no,,synonym,synonym,names the occupational health examination,,,
work medical exam,Z10.0,Occupational health examination,no,,synonym,synonym,names the occupational health examination,,,
pap smear,Z12.4,Special screening examination for neoplasm of cervix,no,,finding_or_risk_factor,test_or_plan,names a test; a note mentioning a past or planned smear does not make this encounter a screening,,,
smear test,Z12.4,Special screening examination for neoplasm of cervix,no,,finding_or_risk_factor,test_or_plan,names a test; a note mentioning a past or planned smear does not make this encounter a screening,,,
vaccination needed,Z27.9,Need for immunisation against unspecified combinations of infectious diseases,no,,synonym,synonym,names the need for immunisation,,,
vaccine due,Z27.9,Need for immunisation against unspecified combinations of infectious diseases,no,,synonym,synonym,names the need for immunisation,,,
family planning,Z30.9,"Contraceptive management, unspecified",no,,synonym,synonym,names contraceptive management,,,
anc visit,Z34.9,"Supervision of normal pregnancy, unspecified",no,,synonym,synonym,abbreviation of antenatal care,,,
antenatal care,Z34.9,"Supervision of normal pregnancy, unspecified",no,,synonym,synonym,names the supervision of pregnancy,,,
routine antenatal review,Z34.9,"Supervision of normal pregnancy, unspecified",yes,N16,synonym,synonym,names the supervision of pregnancy,,,
postnatal check,Z39.2,Routine postpartum follow-up,no,,synonym,synonym,names the postpartum follow-up,,,
chemotherapy cycle,Z51.1,Pharmacotherapy session for neoplasm,no,,synonym,synonym,names the pharmacotherapy session,,,
smoking,Z72.0,"Tobacco use, current",no,,synonym,synonym,names current tobacco use,the same term also maps to F17.2,,
referral to another service,Z75.3,Unavailability and inaccessibility of health-care facilities,no,,finding_or_risk_factor,test_or_plan,"a plan action, not unavailability of health care",a referral is not a diagnosis; Z75.3 needs unavailability documented,,
